ha,fa
ha_1,fa_16
ha_1,fa_17
ha_1,fa_18
ha_1,fa_19
ha_2_sub_1,fa_5
ha_2_sub_1,fa_12
ha_2_sub_1,fa_13
ha_2_sub_1,fa_14
ha_2_sub_1,fa_15
ha_2_sub_1,fa_16
ha_2_sub_1,fa_17
ha_2_sub_1,fa_18
ha_2_sub_1,fa_20
ha_2_sub_1,fa_24
ha_6_sub_1,fa_5
ha_6_sub_1,fa_6
ha_6_sub_1,fa_7
ha_6_sub_1,fa_9
ha_6_sub_1,fa_13
ha_6_sub_1,fa_16
ha_6_sub_1,fa_17
ha_6_sub_1,fa_18
ha_6_sub_1,fa_20
ha_6_sub_1,fa_24
ha_11,fa_4
ha_11,fa_16
ha_11,fa_13
ha_11,fa_17
ha_11,fa_18
ha_11,fa_20
ha_11,fa_23
ha_11,fa_24
ha_12,fa_16
ha_12,fa_17
ha_12,fa_23
ha_12,fa_24
ha_12,fa_20
ha_12,fa_18
ha_12,fa_9
ha_13,fa_4
ha_13,fa_5
ha_13,fa_7
ha_13,fa_9
ha_13,fa_12
ha_13,fa_14
ha_13,fa_13
ha_13,fa_15
ha_13,fa_16
ha_13,fa_18
ha_13,fa_19
ha_13,fa_20
ha_13,fa_24
ha_14,fa_14
ha_14,fa_16
ha_14,fa_17
ha_14,fa_18
ha_16,fa_18
ha_15,fa_17
ha_15,fa_18
ha_6_sub_2,fa_6
ha_6_sub_3,fa_6
ha_6_sub_2,fa_5
ha_6_sub_2,fa_6
ha_6_sub_2,fa_7
ha_6_sub_2,fa_9
ha_6_sub_2,fa_13
ha_6_sub_2,fa_16
ha_6_sub_2,fa_17
ha_6_sub_2,fa_18
ha_6_sub_2,fa_20
ha_6_sub_2,fa_24
ha_6_sub_3,fa_5
ha_6_sub_3,fa_6
ha_6_sub_3,fa_7
ha_6_sub_3,fa_9
ha_6_sub_3,fa_13
ha_6_sub_3,fa_16
ha_6_sub_3,fa_17
ha_6_sub_3,fa_18
ha_6_sub_3,fa_20
ha_6_sub_3,fa_24
ha_2_sub_2,fa_5
ha_2_sub_2,fa_12
ha_2_sub_2,fa_13
ha_2_sub_2,fa_14
ha_2_sub_2,fa_15
ha_2_sub_2,fa_16
ha_2_sub_2,fa_17
ha_2_sub_2,fa_18
ha_2_sub_2,fa_20
ha_2_sub_2,fa_24
ha_2_sub_3,fa_5
ha_2_sub_3,fa_12
ha_2_sub_3,fa_13
ha_2_sub_3,fa_14
ha_2_sub_3,fa_15
ha_2_sub_3,fa_16
ha_2_sub_3,fa_17
ha_2_sub_3,fa_18
ha_2_sub_3,fa_20
ha_2_sub_3,fa_24
ha_11,fa_7