hr,ha
hr_8,ha_2_sub_1
hr_8,ha_5
hr_8,ha_9
hr_8,ha_12
hr_8,ha_13
hr_8,ha_14
ha_10,ha_16
hr_16,ha_15
hr_16,ha_14
hr_16,ha_13
hr_16,ha_12
hr_16,ha_11
hr_16,ha_10
hr_16,ha_9
hr_16,ha_8
hr_16,ha_6_sub_1
hr_16,ha_5
hr_16,ha_2_sub_1
hr_16,ha_1_sub_1
hr_17,ha_2_sub_1
hr_17,ha_5
hr_17,ha_6_sub_1
hr_17,ha_9
hr_17,ha_10
hr_17,ha_11
hr_17,ha_12
hr_17,ha_13
hr_17,ha_14
hr_17,ha_16
hr_17,ha_8
hr_19,ha_1_sub_1
hr_19,ha_2_sub_1
hr_19,ha_5
hr_19,ha_6_sub_1
hr_19,ha_8
hr_19,ha_9
hr_19,ha_11
hr_19,ha_12
hr_19,ha_13
hr_19,ha_14
hr_19,ha_16
hr_18,ha_5
hr_18,ha_8
hr_18,ha_9
hr_18,ha_12
hr_18,ha_13
hr_18,ha_14
hr_18,ha_16
hr_20,ha_2_sub_1
hr_20,ha_5
hr_21,ha_1_sub_1
hr_21,ha_5
hr_21,ha_6_sub_1
hr_21,ha_9
hr_21,ha_8
hr_21,ha_10
hr_21,ha_12
hr_21,ha_13
hr_21,ha_14
hr_21,ha_15
hr_21,ha_16
hr_22,ha_10
hr_22,ha_12
hr_26,ha_9
hr_26,ha_11
hr_26,ha_12
hr_26,ha_13
hr_26,ha_14
hr_26,ha_16
hr_23,ha_6_sub_1
hr_23,ha_8
hr_23,ha_9
hr_23,ha_10
hr_23,ha_11
hr_23,ha_12
hr_23,ha_13
hr_23,ha_14
hr_23,ha_16
hr_25,ha_2_sub_1
hr_25,ha_5
hr_25,ha_8
hr_25,ha_9
hr_25,ha_10
hr_25,ha_11
hr_25,ha_12
hr_25,ha_13
hr_25,ha_14
hr_25,ha_16
hr_24,ha_5
hr_24,ha_8
hr_24,ha_9
hr_24,ha_10
hr_24,ha_12
hr_24,ha_13
hr_24,ha_14
hr_40,ha_1_sub_2
hr_40,ha_6_sub_1
hr_40,ha_8
hr_40,ha_9
hr_40,ha_10
hr_40,ha_11
hr_40,ha_12
hr_40,ha_13
hr_40,ha_14
hr_40,ha_15
hr_40,ha_16
hr_41,ha_1_sub_2
hr_41,ha_2_sub_1
hr_41,ha_6_sub_1
hr_41,ha_8
hr_41,ha_9
hr_41,ha_10
hr_41,ha_11
hr_41,ha_12
hr_41,ha_13
hr_41,ha_14
hr_41,ha_15
hr_41,ha_16
hr_42,ha_2_sub_1
hr_42,ha_6_sub_1
hr_42,ha_8
hr_42,ha_9
hr_42,ha_10
hr_42,ha_11
hr_42,ha_12
hr_42,ha_13
hr_42,ha_14
hr_42,ha_15
hr_42,ha_16
hr_43,ha_1_sub_2
hr_43,ha_2_sub_1
hr_43,ha_6_sub_1
hr_43,ha_8
hr_43,ha_9
hr_43,ha_10
hr_43,ha_11
hr_43,ha_12
hr_43,ha_13
hr_43,ha_14
hr_43,ha_15
hr_43,ha_16
hr_44,ha_6_sub_1
hr_44,ha_8
hr_44,ha_9
hr_44,ha_10
hr_44,ha_11
hr_44,ha_12
hr_44,ha_13
hr_44,ha_14
hr_44,ha_16
hr_45,ha_2_sub_1
hr_45,ha_6_sub_1
hr_45,ha_8
hr_45,ha_9
hr_45,ha_10
hr_45,ha_11
hr_45,ha_12
hr_45,ha_13
hr_45,ha_14
hr_45,ha_15
hr_45,ha_16
hr_35,ha_2_sub_1
hr_35,ha_8
hr_35,ha_9
hr_35,ha_10
hr_35,ha_12
hr_35,ha_13
hr_35,ha_14
hr_35,ha_15
hr_35,ha_16
hr_36,ha_1_sub_1
hr_36,ha_2_sub_1
hr_36,ha_6_sub_1
hr_36,ha_8
hr_36,ha_9
hr_36,ha_10
hr_36,ha_11
hr_36,ha_12
hr_36,ha_13
hr_36,ha_14
hr_36,ha_15
hr_36,ha_16
hr_37,ha_12
hr_37,ha_14
hr_37,ha_15
hr_37,ha_16
hr_38,ha_1_sub_1
hr_38,ha_2_sub_1
hr_38,ha_6_sub_1
hr_38,ha_8
hr_38,ha_9
hr_38,ha_10
hr_38,ha_11
hr_38,ha_12
hr_38,ha_13
hr_38,ha_14
hr_38,ha_15
hr_38,ha_16
hr_39,ha_10
hr_39,ha_13
hr_39,ha_14
hr_39,ha_15
hr_39,ha_16
hr_34,ha_9
hr_34,ha_10
hr_34,ha_12
hr_34,ha_13
hr_34,ha_15
hr_34,ha_16
hr_33,ha_2
hr_33,ha_6_sub_1
hr_33,ha_8
hr_33,ha_9
hr_33,ha_10
hr_33,ha_12
hr_33,ha_13
hr_33,ha_16
hr_32,ha_12
hr_32,ha_13
hr_31,ha_13
hr_1,ha_2_sub_1
hr_1,ha_2_sub_2
hr_1,ha_2_sub_3
hr_1,ha_14
hr_1,ha_15
hr_1,ha_16
hr_8,ha_10
hr_7,ha_13
hr_45,ha_1_sub_1
hr_45,ha_1_sub_2
hr_45,ha_1_sub_3
hr_26,ha_6_sub_1
hr_26,ha_6_sub_2
hr_26,ha_6_sub_3
hr_18,ha_10
hr_7,ha_12
hr_23,ha_15
hr_7,ha_10
hr_7,ha_9
hr_17,ha_6_sub_2
hr_16,ha_6_sub_2
hr_19,ha_6_sub_2
hr_21,ha_6_sub_2
hr_23,ha_6_sub_2
hr_40,ha_6_sub_2
hr_41,ha_6_sub_2
hr_45,ha_6_sub_2
hr_36,ha_6_sub_2
hr_38,ha_6_sub_2
hr_33,ha_6_sub_2
hr_44,ha_6_sub_2
hr_43,ha_6_sub_2
hr_42,ha_6_sub_2
hr_45,ha_6_sub_3
hr_36,ha_6_sub_3
hr_38,ha_6_sub_3
hr_33,ha_6_sub_3
hr_44,ha_6_sub_3
hr_43,ha_6_sub_3
hr_42,ha_6_sub_3
hr_41,ha_6_sub_3
hr_40,ha_6_sub_3
hr_17,ha_6_sub_3
hr_16,ha_6_sub_3
hr_19,ha_6_sub_3
hr_21,ha_6_sub_3
hr_23,ha_6_sub_3
hr_43,ha_2_sub_2
hr_45,ha_2_sub_2
hr_42,ha_2_sub_2
hr_41,ha_2_sub_2
hr_25,ha_2_sub_2
hr_20,ha_2_sub_2
hr_19,ha_2_sub_2
hr_17,ha_2_sub_2
hr_16,ha_2_sub_2
hr_8,ha_2_sub_2
hr_43,ha_2_sub_3
hr_45,ha_2_sub_3
hr_42,ha_2_sub_3
hr_41,ha_2_sub_3
hr_25,ha_2_sub_3
hr_20,ha_2_sub_3
hr_19,ha_2_sub_3
hr_17,ha_2_sub_3
hr_16,ha_2_sub_3
hr_8,ha_2_sub_3
hr_26,ha_8
hr_41,ha_1_sub_1
hr_41,ha_1_sub_2
hr_41,ha_1_sub_3
hr_42,ha_1_sub_1
hr_42,ha_1_sub_2
hr_42,ha_1_sub_3
hr_23,ha_1_sub_1
hr_23,ha_1_sub_2
hr_23,ha_1_sub_3
hr_16,ha_1_sub_2
hr_19,ha_1_sub_2
hr_21,ha_1_sub_2
hr_16,ha_1_sub_3
hr_19,ha_1_sub_3
hr_21,ha_1_sub_3
hr_38,ha_1_sub_2
hr_38,ha_2_sub_2
hr_38,ha_1_sub_3
hr_38,ha_2_sub_3
hr_36,ha_1_sub_2
hr_36,ha_2_sub_2
hr_36,ha_1_sub_3
hr_36,ha_2_sub_3
hr_16,ha_16
hr_6,ha_10
hr_26,ha_10
hr_15,ha_12
hr_9,ha_10